pair_id,verdict,notes
2014_29__3141385,,
2016_26__4032312,,
2016_9__4602774,,
2016_9__4391753,,
2014_29__517502,,
2016_1__2702049,,
2016_1__4471306,,
2015_18__3418897,,
2016_9__3402477,,
2014_11__3866926,,
2015_18__3545253,,
2016_1__4612755,,
2014_5__3600284,,
2015_23__2761786,,
2016_9__4408998,,
2016_9__4782461,,
2016_9__4129206,,
2014_5__2647177,,
2015_8__3852483,,
2016_13__3469354,,
2014_5__1413549,,
2014_29__1781939,,
2016_1__4189074,,
2015_18__3406314,,
2016_1__3471405,,
2016_26__3301113,,
2015_23__3411372,,
2015_8__3432382,,
2016_13__4307725,,
2015_8__2764070,,
2016_9__3750688,,
2016_13__3111358,,
2015_18__2440368,,
2016_13__3844363,,
2015_8__3304178,,
2014_29__2040183,,
2014_5__2920273,,
2016_13__2601208,,
2014_11__2771148,,
2016_26__1501070,,
2014_5__3671823,,
2014_11__3064452,,
2015_23__2828087,,
2015_23__3305576,,
2015_8__3792928,,
2016_9__2963743,,
2016_9__2939531,,
2016_1__4631331,,
2016_1__2850185,,
2016_13__4441478,,
2014_5__3445446,,
2014_29__2971719,,
2015_23__3065216,,
2015_8__3181743,,
2015_18__3222059,,
2014_29__3273686,,
2016_1__4212306,,
2015_23__3166934,,
2014_29__3648838,,
2016_1__3999026,,
2016_9__4056633,,
2014_5__2737754,,
2015_8__3574991,,
2014_5__3875701,,
2015_23__3568885,,
2015_8__3185814,,
2016_9__4064773,,
2016_1__3407781,,
2016_1__4070603,,
2016_9__4236682,,
2016_1__3194090,,
2016_26__4095417,,
2016_13__4277653,,
2016_1__2769390,,
2015_23__3180466,,
2014_29__1937001,,
2015_8__3581268,,
2015_18__3180513,,
2014_11__2629964,,
2016_1__4575013,,
2014_5__3325356,,
2014_5__2769286,,
2014_11__3772305,,
2016_9__2783059,,
2014_11__3679768,,
2015_8__3630969,,
2016_26__3914350,,
2014_11__3498317,,
2015_8__3747022,,
2014_5__1180854,,
2016_1__2995092,,
2016_1__3797929,,
2016_13__3263273,,
2015_8__419706,,
2014_11__2803953,,
2016_26__3109644,,
2014_5__3463042,,
2016_13__2391269,,
2016_13__3680901,,
2015_18__2672439,,
